# node_from,node_to,capacity_per_s,free_flow_travel_time_in_s
1,12,0.83333333333,150
1,5,0.83333333333,75
12,6,0.83333333333,75
12,8,0.83333333333,150
4,5,0.83333333333,150
5,6,0.83333333333,150
6,7,0.83333333333,150
7,8,0.83333333333,150
4,9,0.83333333333,225
5,9,0.83333333333,75
6,10,0.83333333333,75
7,11,0.83333333333,75
8,2,0.83333333333,75
9,10,0.83333333333,150
10,11,0.83333333333,150
11,2,0.83333333333,150
9,13,0.83333333333,225
11,3,0.83333333333,75
13,3,0.83333333333,150
